sample_name,i7,i5,i1,cell_line,treatment,replicate
sample_1,,,CGGGAACCCGCA,T98G,vehicle,1
sample_2,,,AAACGTTCATCC,T98G,vehicle,2
sample_3,,,TTGTCCGATATG,T98G,vehicle,3
sample_4,,,GTTTAAAGGCAG,T98G,mTORi,1
sample_5,,,CCAAAGAGGGAT,T98G,mTORi,2
sample_6,,,TCCTCTCTTCTA,T98G,mTORi,3
sample_7,,,GAAGGGTAAAGC,LN18,vehicle,1
sample_8,,,AGTCTCAGCAAA,LN18,vehicle,2
sample_9,,,ATCGACTTGTGT,LN18,vehicle,3
sample_10,,,AACCCTGGGAAG,LN18,mTORi,1
sample_11,,,AGGTGGTTCTAC,LN18,mTORi,2
sample_12,,,TACGCCCACGTG,LN18,mTORi,3
sample_13,,,GATTTCCCCCGA,U87MG,vehicle,1
sample_14,,,CCCAATTTTGCC,U87MG,vehicle,2
sample_15,,,TCAACAACCGGT,U87MG,vehicle,3
sample_16,,,CAGATAATACGT,U87MG,mTORi,1
sample_17,,,TATTGGCGGCCT,U87MG,mTORi,2
sample_18,,,AGAGGCCGAACA,U87MG,mTORi,3
sample_19,,,ATTATATCTGAA,U251MG,vehicle,1
sample_20,,,TGCTAAATTAGT,U251MG,vehicle,2
sample_21,,,CTATGCAAGCTG,U251MG,vehicle,3
sample_22,,,CCGGGCGTCATG,U251MG,mTORi,1
sample_23,,,TGGAGACTGGGC,U251MG,mTORi,2
sample_24,,,CTTACCGGGTAC,U251MG,mTORi,3
sample_25,,,TAAGATCGATTA,LN229,vehicle,1
sample_26,,,CGAGTTTATCAG,LN229,vehicle,2
sample_27,,,CACTAGTTTCGT,LN229,vehicle,3
sample_28,,,GACCCGTCTTGA,LN229,mTORi,1
sample_29,,,AAATGTAGTGAG,LN229,mTORi,2
sample_30,,,ACAGGACTCTGG,LN229,mTORi,3
sample_31,,,AAAATCCCAGTT,LN229,GPX4i,1
sample_32,,,GCATCCATGCAT,LN229,GPX4i,2
sample_33,,,CACCTTCGGTTG,LN229,GPX4i,3
sample_34,,,AGCAAAGGATGT,LN229,combo,1
sample_35,,,AGGCTTAATCGG,LN229,combo,2
sample_36,,,GCGCGAAGTTGA,LN229,combo,3
sample_37,,,TTAGGACGCAAA,U87MG_DR,vehicle,1
sample_38,,,ATGGGCTAGACA,U87MG_DR,vehicle,2
sample_39,,,TTTGTGGACACG,U87MG_DR,vehicle,3
sample_40,,,GAATTCGTATAC,U87MG_DR,mTORi,1
sample_41,,,TCGAGTCCCGGA,U87MG_DR,mTORi,2
sample_42,,,CCGTTGAAGGGG,U87MG_DR,mTORi,3
sample_43,,,CAAGGTCCCCTT,U87MG_TR,vehicle,1
sample_44,,,TCCTAGCGATTT,U87MG_TR,vehicle,2
sample_45,,,CCGCCCTATTTC,U87MG_TR,vehicle,3
sample_46,,,CTGTAGTCGCCA,U87MG_TR,mTORi,1
sample_47,,,CCTGGTACTTTC,U87MG_TR,mTORi,2
sample_48,,,AGCTTCTTTTCC,U87MG_TR,mTORi,3
sample_49,,,AAAACATGCGTT,LN229_sgNC1,vehicle,1
sample_50,,,TCGTCTGGCCGT,LN229_sgNC1,vehicle,2
sample_51,,,CTCTTTAAACAA,LN229_sgNC1,vehicle,3
sample_52,,,TGTTTTGCTAAC,LN229_sgNC1,mTORi,1
sample_53,,,ACCCGAACGAGC,LN229_sgNC1,mTORi,2
sample_54,,,TCCCGGCTAAAA,LN229_sgNC1,mTORi,3
sample_55,,,GAGTCGGTGGCA,LN229_sgNRF2,vehicle,1
sample_56,,,AATAGCTTTTTC,LN229_sgNRF2,vehicle,2
sample_57,,,GCTAGCTCAGAT,LN229_sgNRF2,vehicle,3
sample_58,,,TATAAGGGAATG,LN229_sgNRF2,mTORi,1
sample_59,,,AAGTTGCGGGTA,LN229_sgNRF2,mTORi,2
sample_60,,,GACATTATTCTT,LN229_sgNRF2,mTORi,3
sample_61,,,GAAAATTTACGC,A549_sgNC1,vehicle,1
sample_62,,,AAACTAACTGTC,A549_sgNC1,vehicle,2
sample_63,,,TAATTACAAAGA,A549_sgNC1,vehicle,3
sample_64,,,GTGGCACCACTT,A549_sgNC1,DNAPKi,1
sample_65,,,ATTCAACCTCTA,A549_sgNC1,DNAPKi,2
sample_66,,,GTCAAATGTCCT,A549_sgNC1,DNAPKi,3
sample_67,,,ATTCCTGAGTTA,A549_sgPRDX1,vehicle,1
sample_68,,,ATCCGCCAGGAT,A549_sgPRDX1,vehicle,2
sample_69,,,CTCTCCATCGAA,A549_sgPRDX1,vehicle,3
sample_70,,,CCCACCGTAAGC,A549_sgPRDX1,DNAPKi,1
sample_71,,,TAACCAGCACTT,A549_sgPRDX1,DNAPKi,2
sample_72,,,TTGCGTTCTCAA,A549_sgPRDX1,DNAPKi,3
sample_73,,,GCGCCGGGTCCC,CH01,,
sample_74,,,ACGATACGCCAA,CH02,,
sample_75,,,CAAATTGGAACG,CH03,,
sample_76,,,AATGACCGTAGG,CH04,,
sample_77,,,TTGACAGCGTCG,CH05,,
sample_78,,,CACCAGAGATAT,CH06,,
sample_79,,,ACTAAGCGCGTG,CH07,,
sample_80,,,TGTGGGGTGATT,CH08,,
sample_81,,,GCCTAATACAAC,CH09,,
sample_82,,,GTTTGACTTTAT,CH10,,
sample_83,,,TACGGTATAGAA,CH11,,
sample_84,,,GTCAGGCTGCGT,CH12,,
sample_85,,,TGAGGCATTTGG,CH13,,
sample_86,,,ATCGGAAAATTC,CH14,,
sample_87,,,TTATCACTCCTT,CH15,,
